{"Episode/rew_action_smoothness":-0.0010698446,"Train/mean_episode_length/time":49.36,"Episode/rew_collision":-8.0521495e-05,"Episode/rew_tracking_lin_vel":0.009429405,"Perf/collection time":20.717493,"Episode/rew_orientation":0.004733716,"Episode/rew_dof_vel":-0.0103305625,"Train/mean_reward":0.6563925,"Episode/rew_torques":-0.00073934224,"_wandb":{"runtime":25},"global_step":21,"Episode/rew_feet_contact_forces":0,"Episode/rew_feet_clearance":0.000746574,"Episode/rew_foot_slip":0,"Episode/rew_default_joint_pos":0.00050576695,"Episode/rew_dof_acc":-0.009946931,"Episode/rew_feet_contact_number":0.008005927,"_timestamp":1.7389284027626517e+09,"Episode/rew_base_height":0.00019408595,"Train/mean_episode_length":49.36,"Policy/mean_noise_std":0.9994761,"Train/mean_reward/time":0.6563925,"_runtime":25.795369458,"Episode/rew_track_vel_hard":-0.0022250158,"Episode/rew_feet_distance":0.002104301,"Episode/rew_low_speed":-0.0016132833,"Episode/rew_tracking_ang_vel":0.0028929308,"Episode/rew_vel_mismatch_exp":0.0014791152,"Loss/value_function":0.015388433,"Episode/rew_feet_air_time":0.00026040204,"_step":32,"Episode/rew_joint_pos":0.0016918863,"Perf/learning_time":0.40903878,"Loss/surrogate":-0.002333926,"Episode/rew_base_acc":0.00029311076,"Loss/learning_rate":0.00017085938,"Episode/rew_knee_distance":0.0013165326,"Perf/total_fps":11632}