{"_wandb":{"runtime":13},"Episode/rew_feet_clearance":8.686344e-05,"Episode/rew_vel_mismatch_exp":0.0015091926,"Episode/rew_dof_acc":-0.0043804566,"Episode/rew_feet_distance":0.0023936904,"_step":32,"Train/mean_episode_length":48.36,"Episode/rew_knee_distance":0.0020339768,"Episode/rew_torques":-0.0029414315,"Episode/rew_default_joint_pos":0.00096705393,"_runtime":13.585820455,"Loss/surrogate":-0.0026404408,"Episode/rew_base_height":0.00029747022,"Episode/rew_dof_vel":-0.001334805,"Train/mean_episode_length/time":48.36,"Perf/learning_time":0.11280966,"Episode/rew_collision":-0.00019633216,"Loss/value_function":0.015913943,"Perf/total_fps":23454,"Episode/rew_tracking_ang_vel":0.0032506369,"Episode/rew_action_smoothness":-0.0010371096,"Episode/rew_tracking_lin_vel":0.007986983,"Episode/rew_orientation":0.0051089628,"_timestamp":1.7388312004040465e+09,"Episode/rew_joint_pos":0.008239003,"Loss/learning_rate":0.00025628906,"Episode/rew_feet_contact_number":0.0049981,"Perf/collection time":10.365301,"Train/mean_reward":0.80674464,"Episode/rew_track_vel_hard":-0.0012828948,"Episode/rew_feet_air_time":4.9805152e-05,"global_step":10,"Policy/mean_noise_std":0.999582,"Train/mean_reward/time":0.80674464,"Episode/rew_base_acc":0.000391451,"Episode/rew_feet_contact_forces":-0.010366727,"Episode/rew_foot_slip":-0.0003162802,"Episode/rew_low_speed":-0.0024403464}